﻿{
  "engineAssemblyName": "Microsoft.MIDebugEngine",
  "engineClassName": "Microsoft.MIDebugEngine.AD7Engine",
  "conditionalBP": true,
  "functionBP": false,
  "exceptionSettings": {
    "categories": [
      {
        "name": "Common Language Runtime Exceptions",
        "id": "{449EC4CC-30D2-4032-9256-EE18EB41B62B}",
        "defaultTriggers": {
          "*": "userUnhandled",
          "System.AppDomainUnloadedException": "unhandled",
          "System.Threading.ThreadAbortException": "unhandled"
        }
      },
      {
        "name": "Managed Debugging Assistants",
        "id": "{6ECE07A9-0EDE-45C4-8296-818D8FC401D4}"
      }
    ],
    "breakpoints": [
      {
        "label": "All Exceptions",
        "filter": "all",
        "default": false
      },
      {
        "label": "User-Unhandled Exceptions",
        "filter": "user-unhandled",
        "default": true
      }
    ]
  }
}
